{"accuracy": 0.895, "confusion_matrix": [[340, 42], [0, 18]], "auc": 0.9973821989528796, "0_precision": 1.0, "0_recall": 0.8900523560209425, "0_f1-score": 0.9418282548476454, "0_support": 382.0, "1_precision": 0.3, "1_recall": 1.0, "1_f1-score": 0.46153846153846156, "1_support": 18.0, "macro avg_precision": 0.65, "macro avg_recall": 0.9450261780104712, "macro avg_f1-score": 0.7016833581930535, "macro avg_support": 400.0, "weighted avg_precision": 0.9684999999999999, "weighted avg_recall": 0.895, "weighted avg_f1-score": 0.9202152141487322, "weighted avg_support": 400.0}