{"accuracy": 0.915, "confusion_matrix": [[348, 34], [0, 18]], "auc": 0.996218731820826, "0_precision": 1.0, "0_recall": 0.9109947643979057, "0_f1-score": 0.9534246575342465, "0_support": 382.0, "1_precision": 0.34615384615384615, "1_recall": 1.0, "1_f1-score": 0.5142857142857142, "1_support": 18.0, "macro avg_precision": 0.6730769230769231, "macro avg_recall": 0.9554973821989529, "macro avg_f1-score": 0.7338551859099804, "macro avg_support": 400.0, "weighted avg_precision": 0.9705769230769231, "weighted avg_recall": 0.915, "weighted avg_f1-score": 0.9336634050880626, "weighted avg_support": 400.0}