{"accuracy": 0.68, "threshold": 2.12688865154067, "confusion_matrix": [[133, 7], [57, 3]], "0_precision": 0.7, "0_recall": 0.95, "0_f1-score": 0.806060606060606, "0_support": 140.0, "1_precision": 0.3, "1_recall": 0.05, "1_f1-score": 0.08571428571428572, "1_support": 60.0, "macro avg_precision": 0.5, "macro avg_recall": 0.5, "macro avg_f1-score": 0.4458874458874459, "macro avg_support": 200.0, "weighted avg_precision": 0.58, "weighted avg_recall": 0.68, "weighted avg_f1-score": 0.5899567099567099, "weighted avg_support": 200.0}