{"accuracy": 0.223991, "confusion_matrix": [[188499, 775590], [419, 35492]], "auc": 0.5925010024780171, "0_precision": 0.9977821065224065, "0_recall": 0.1955203305918852, "0_f1-score": 0.32696939394123364, "0_support": 964089.0, "1_precision": 0.043758830796392964, "1_recall": 0.9883322658795355, "1_f1-score": 0.0838070680631363, "1_support": 35911.0, "macro avg_precision": 0.5207704686593997, "macro avg_recall": 0.5919262982357103, "macro avg_f1-score": 0.20538823100218498, "macro avg_support": 1000000.0, "weighted avg_precision": 0.9635221766678096, "weighted avg_recall": 0.223991, "weighted avg_f1-score": 0.3182371916566253, "weighted avg_support": 1000000.0}