{"accuracy": 0.54, "confusion_matrix": [[83, 57], [35, 25]], "auc": 0.0, "0_precision": 0.7033898305084746, "0_recall": 0.5928571428571429, "0_f1-score": 0.6434108527131783, "0_support": 140.0, "1_precision": 0.3048780487804878, "1_recall": 0.4166666666666667, "1_f1-score": 0.352112676056338, "1_support": 60.0, "macro avg_precision": 0.5041339396444812, "macro avg_recall": 0.5047619047619047, "macro avg_f1-score": 0.49776176438475817, "macro avg_support": 200.0, "weighted avg_precision": 0.5838362959900786, "weighted avg_recall": 0.54, "weighted avg_f1-score": 0.5560213997161263, "weighted avg_support": 200.0}