{"accuracy": 0.6855, "threshold": 0.14485839267632264, "confusion_matrix": [[1330, 70], [559, 41]], "0_precision": 0.7040762308099524, "0_recall": 0.95, "0_f1-score": 0.808756460930374, "0_support": 1400.0, "1_precision": 0.36936936936936937, "1_recall": 0.06833333333333333, "1_f1-score": 0.11533052039381153, "1_support": 600.0, "macro avg_precision": 0.5367228000896609, "macro avg_recall": 0.5091666666666667, "macro avg_f1-score": 0.46204349066209277, "macro avg_support": 2000.0, "weighted avg_precision": 0.6036641723777775, "weighted avg_recall": 0.6855, "weighted avg_f1-score": 0.6007286787694053, "weighted avg_support": 2000.0}