{"accuracy": 0.935, "threshold": 0.30433494023616814, "confusion_matrix": [[362, 20], [6, 12]], "0_precision": 0.9836956521739131, "0_recall": 0.9476439790575916, "0_f1-score": 0.9653333333333334, "0_support": 382.0, "1_precision": 0.375, "1_recall": 0.6666666666666666, "1_f1-score": 0.48, "1_support": 18.0, "macro avg_precision": 0.6793478260869565, "macro avg_recall": 0.8071553228621291, "macro avg_f1-score": 0.7226666666666667, "macro avg_support": 400.0, "weighted avg_precision": 0.956304347826087, "weighted avg_recall": 0.935, "weighted avg_f1-score": 0.9434933333333333, "weighted avg_support": 400.0}