{"accuracy": 0.9875, "confusion_matrix": [[379, 3], [2, 16]], "auc": 0.997673065735893, "0_precision": 0.994750656167979, "0_recall": 0.9921465968586387, "0_f1-score": 0.9934469200524246, "0_support": 382.0, "1_precision": 0.8421052631578947, "1_recall": 0.8888888888888888, "1_f1-score": 0.8648648648648649, "1_support": 18.0, "macro avg_precision": 0.9184279596629368, "macro avg_recall": 0.9405177428737638, "macro avg_f1-score": 0.9291558924586447, "macro avg_support": 400.0, "weighted avg_precision": 0.9878816134825251, "weighted avg_recall": 0.9875, "weighted avg_f1-score": 0.9876607275689844, "weighted avg_support": 400.0}