{"accuracy": 0.855, "confusion_matrix": [[325, 57], [1, 17]], "auc": 0.9698952879581152, "0_precision": 0.9969325153374233, "0_recall": 0.8507853403141361, "0_f1-score": 0.9180790960451978, "0_support": 382.0, "1_precision": 0.22972972972972974, "1_recall": 0.9444444444444444, "1_f1-score": 0.3695652173913043, "1_support": 18.0, "macro avg_precision": 0.6133311225335766, "macro avg_recall": 0.8976148923792903, "macro avg_f1-score": 0.643822156718251, "macro avg_support": 400.0, "weighted avg_precision": 0.9624083899850772, "weighted avg_recall": 0.855, "weighted avg_f1-score": 0.8933959715057727, "weighted avg_support": 400.0}