{"accuracy": 0.51, "confusion_matrix": [[92, 48], [50, 10]], "auc": 0.0, "0_precision": 0.647887323943662, "0_recall": 0.6571428571428571, "0_f1-score": 0.6524822695035462, "0_support": 140.0, "1_precision": 0.1724137931034483, "1_recall": 0.16666666666666666, "1_f1-score": 0.1694915254237288, "1_support": 60.0, "macro avg_precision": 0.41015055852355514, "macro avg_recall": 0.4119047619047619, "macro avg_f1-score": 0.4109868974636375, "macro avg_support": 200.0, "weighted avg_precision": 0.5052452646915978, "weighted avg_recall": 0.51, "weighted avg_f1-score": 0.5075850462796009, "weighted avg_support": 200.0}