{"accuracy": 0.665, "threshold": 1.9726863287426513, "confusion_matrix": [[133, 7], [60, 0]], "0_precision": 0.689119170984456, "0_recall": 0.95, "0_f1-score": 0.7987987987987988, "0_support": 140.0, "1_precision": 0.0, "1_recall": 0.0, "1_f1-score": 0.0, "1_support": 60.0, "macro avg_precision": 0.344559585492228, "macro avg_recall": 0.475, "macro avg_f1-score": 0.3993993993993994, "macro avg_support": 200.0, "weighted avg_precision": 0.4823834196891192, "weighted avg_recall": 0.665, "weighted avg_f1-score": 0.5591591591591591, "weighted avg_support": 200.0}