{"accuracy": 0.6885, "threshold": 0.010758817248076428, "confusion_matrix": [[1330, 70], [553, 47]], "0_precision": 0.7063197026022305, "0_recall": 0.95, "0_f1-score": 0.8102345415778252, "0_support": 1400.0, "1_precision": 0.4017094017094017, "1_recall": 0.07833333333333334, "1_f1-score": 0.13110181311018132, "1_support": 600.0, "macro avg_precision": 0.5540145521558162, "macro avg_recall": 0.5141666666666667, "macro avg_f1-score": 0.47066817734400324, "macro avg_support": 2000.0, "weighted avg_precision": 0.6149366123343819, "weighted avg_recall": 0.6885, "weighted avg_f1-score": 0.606494723037532, "weighted avg_support": 2000.0}