{"accuracy": 0.985, "confusion_matrix": [[378, 4], [2, 16]], "auc": 0.9969458987783595, "0_precision": 0.9947368421052631, "0_recall": 0.9895287958115183, "0_f1-score": 0.9921259842519685, "0_support": 382.0, "1_precision": 0.8, "1_recall": 0.8888888888888888, "1_f1-score": 0.8421052631578947, "1_support": 18.0, "macro avg_precision": 0.8973684210526316, "macro avg_recall": 0.9392088423502036, "macro avg_f1-score": 0.9171156237049316, "macro avg_support": 400.0, "weighted avg_precision": 0.9859736842105262, "weighted avg_recall": 0.985, "weighted avg_f1-score": 0.9853750518027351, "weighted avg_support": 400.0}