{"accuracy": 0.9425, "threshold": 0.2876154672387589, "confusion_matrix": [[362, 20], [3, 15]], "0_precision": 0.9917808219178083, "0_recall": 0.9476439790575916, "0_f1-score": 0.9692101740294511, "0_support": 382.0, "1_precision": 0.42857142857142855, "1_recall": 0.8333333333333334, "1_f1-score": 0.5660377358490566, "1_support": 18.0, "macro avg_precision": 0.7101761252446184, "macro avg_recall": 0.8904886561954625, "macro avg_f1-score": 0.7676239549392538, "macro avg_support": 400.0, "weighted avg_precision": 0.9664363992172211, "weighted avg_recall": 0.9425, "weighted avg_f1-score": 0.9510674143113333, "weighted avg_support": 400.0}