{"accuracy": 0.6835, "threshold": 0.010743921353238784, "confusion_matrix": [[1330, 70], [563, 37]], "0_precision": 0.7025884838880084, "0_recall": 0.95, "0_f1-score": 0.8077740662010325, "0_support": 1400.0, "1_precision": 0.34579439252336447, "1_recall": 0.06166666666666667, "1_f1-score": 0.10466760961810467, "1_support": 600.0, "macro avg_precision": 0.5241914382056865, "macro avg_recall": 0.5058333333333334, "macro avg_f1-score": 0.4562208379095686, "macro avg_support": 2000.0, "weighted avg_precision": 0.5955502564786153, "weighted avg_recall": 0.6835, "weighted avg_f1-score": 0.5968421292261542, "weighted avg_support": 2000.0}