{"accuracy": 0.917768, "threshold": 2.8735010451850524e-05, "confusion_matrix": [[915884, 48205], [34027, 1884]], "0_precision": 0.9641787493775733, "0_recall": 0.9499994295132503, "0_f1-score": 0.9570365726227795, "0_support": 964089.0, "1_precision": 0.037613048773183735, "1_recall": 0.05246303361087132, "1_f1-score": 0.043813953488372095, "1_support": 35911.0, "macro avg_precision": 0.5008958990753786, "macro avg_recall": 0.5012312315620608, "macro avg_f1-score": 0.5004252630555758, "macro avg_support": 1000000.0, "weighted avg_precision": 0.930904848503169, "weighted avg_recall": 0.917768, "weighted avg_f1-score": 0.9242418351470438, "weighted avg_support": 1000000.0}