{"accuracy": 0.3, "confusion_matrix": [[0, 1400], [0, 600]], "auc": 0.49629047619047617, "0_precision": 0.0, "0_recall": 0.0, "0_f1-score": 0.0, "0_support": 1400.0, "1_precision": 0.3, "1_recall": 1.0, "1_f1-score": 0.46153846153846156, "1_support": 600.0, "macro avg_precision": 0.15, "macro avg_recall": 0.5, "macro avg_f1-score": 0.23076923076923078, "macro avg_support": 2000.0, "weighted avg_precision": 0.09, "weighted avg_recall": 0.3, "weighted avg_f1-score": 0.13846153846153847, "weighted avg_support": 2000.0}