{"accuracy": 0.985, "confusion_matrix": [[377, 5], [1, 17]], "auc": 0.9968004653868529, "0_precision": 0.9973544973544973, "0_recall": 0.9869109947643979, "0_f1-score": 0.9921052631578947, "0_support": 382.0, "1_precision": 0.7727272727272727, "1_recall": 0.9444444444444444, "1_f1-score": 0.85, "1_support": 18.0, "macro avg_precision": 0.8850408850408851, "macro avg_recall": 0.9656777196044212, "macro avg_f1-score": 0.9210526315789473, "macro avg_support": 400.0, "weighted avg_precision": 0.9872462722462723, "weighted avg_recall": 0.985, "weighted avg_f1-score": 0.9857105263157895, "weighted avg_support": 400.0}