{"accuracy": 0.9875, "confusion_matrix": [[378, 4], [1, 17]], "auc": 0.9969458987783595, "0_precision": 0.9973614775725593, "0_recall": 0.9895287958115183, "0_f1-score": 0.9934296977660972, "0_support": 382.0, "1_precision": 0.8095238095238095, "1_recall": 0.9444444444444444, "1_f1-score": 0.8717948717948718, "1_support": 18.0, "macro avg_precision": 0.9034426435481844, "macro avg_recall": 0.9669866201279813, "macro avg_f1-score": 0.9326122847804845, "macro avg_support": 400.0, "weighted avg_precision": 0.9889087825103655, "weighted avg_recall": 0.9875, "weighted avg_f1-score": 0.9879561305973921, "weighted avg_support": 400.0}