{"accuracy": 0.568, "confusion_matrix": [[903, 497], [367, 233]], "auc": 0.0, "0_precision": 0.7110236220472441, "0_recall": 0.645, "0_f1-score": 0.6764044943820224, "0_support": 1400.0, "1_precision": 0.31917808219178084, "1_recall": 0.3883333333333333, "1_f1-score": 0.35037593984962406, "1_support": 600.0, "macro avg_precision": 0.5151008521195125, "macro avg_recall": 0.5166666666666666, "macro avg_f1-score": 0.5133902171158232, "macro avg_support": 2000.0, "weighted avg_precision": 0.5934699600906052, "weighted avg_recall": 0.568, "weighted avg_f1-score": 0.578595928022303, "weighted avg_support": 2000.0}