{"accuracy": 0.945, "threshold": 0.2794036055265203, "confusion_matrix": [[362, 20], [2, 16]], "0_precision": 0.9945054945054945, "0_recall": 0.9476439790575916, "0_f1-score": 0.9705093833780161, "0_support": 382.0, "1_precision": 0.4444444444444444, "1_recall": 0.8888888888888888, "1_f1-score": 0.5925925925925926, "1_support": 18.0, "macro avg_precision": 0.7194749694749695, "macro avg_recall": 0.9182664339732403, "macro avg_f1-score": 0.7815509879853043, "macro avg_support": 400.0, "weighted avg_precision": 0.9697527472527473, "weighted avg_recall": 0.945, "weighted avg_f1-score": 0.953503127792672, "weighted avg_support": 400.0}