{"accuracy": 0.99, "confusion_matrix": [[379, 3], [1, 17]], "auc": 0.9975276323443864, "0_precision": 0.9973684210526316, "0_recall": 0.9921465968586387, "0_f1-score": 0.994750656167979, "0_support": 382.0, "1_precision": 0.85, "1_recall": 0.9444444444444444, "1_f1-score": 0.8947368421052632, "1_support": 18.0, "macro avg_precision": 0.9236842105263158, "macro avg_recall": 0.9682955206515416, "macro avg_f1-score": 0.9447437491366211, "macro avg_support": 400.0, "weighted avg_precision": 0.9907368421052632, "weighted avg_recall": 0.99, "weighted avg_f1-score": 0.9902500345351568, "weighted avg_support": 400.0}