{"accuracy": 0.93, "threshold": 0.048065399915454485, "confusion_matrix": [[362, 20], [8, 10]], "0_precision": 0.9783783783783784, "0_recall": 0.9476439790575916, "0_f1-score": 0.9627659574468085, "0_support": 382.0, "1_precision": 0.3333333333333333, "1_recall": 0.5555555555555556, "1_f1-score": 0.4166666666666667, "1_support": 18.0, "macro avg_precision": 0.6558558558558558, "macro avg_recall": 0.7515997673065735, "macro avg_f1-score": 0.6897163120567376, "macro avg_support": 400.0, "weighted avg_precision": 0.9493513513513514, "weighted avg_recall": 0.93, "weighted avg_f1-score": 0.938191489361702, "weighted avg_support": 400.0}