{"accuracy": 0.684, "threshold": 0.15106884889623046, "confusion_matrix": [[1330, 70], [562, 38]], "0_precision": 0.7029598308668076, "0_recall": 0.95, "0_f1-score": 0.8080194410692588, "0_support": 1400.0, "1_precision": 0.35185185185185186, "1_recall": 0.06333333333333334, "1_f1-score": 0.10734463276836158, "1_support": 600.0, "macro avg_precision": 0.5274058413593297, "macro avg_recall": 0.5066666666666666, "macro avg_f1-score": 0.4576820369188102, "macro avg_support": 2000.0, "weighted avg_precision": 0.5976274371623209, "weighted avg_recall": 0.684, "weighted avg_f1-score": 0.5978169985789897, "weighted avg_support": 2000.0}