{"accuracy": 0.9375, "threshold": 0.23360727399705, "confusion_matrix": [[362, 20], [5, 13]], "0_precision": 0.9863760217983651, "0_recall": 0.9476439790575916, "0_f1-score": 0.9666221628838452, "0_support": 382.0, "1_precision": 0.3939393939393939, "1_recall": 0.7222222222222222, "1_f1-score": 0.5098039215686274, "1_support": 18.0, "macro avg_precision": 0.6901577078688795, "macro avg_recall": 0.8349331006399069, "macro avg_f1-score": 0.7382130422262363, "macro avg_support": 400.0, "weighted avg_precision": 0.9597163735447114, "weighted avg_recall": 0.9375, "weighted avg_f1-score": 0.9460653420246604, "weighted avg_support": 400.0}