{"accuracy": 0.48, "confusion_matrix": [[68, 72], [32, 28]], "auc": 0.0, "0_precision": 0.68, "0_recall": 0.4857142857142857, "0_f1-score": 0.5666666666666667, "0_support": 140.0, "1_precision": 0.28, "1_recall": 0.4666666666666667, "1_f1-score": 0.35, "1_support": 60.0, "macro avg_precision": 0.48000000000000004, "macro avg_recall": 0.47619047619047616, "macro avg_f1-score": 0.4583333333333333, "macro avg_support": 200.0, "weighted avg_precision": 0.56, "weighted avg_recall": 0.48, "weighted avg_f1-score": 0.5016666666666666, "weighted avg_support": 200.0}