{"accuracy": 0.301, "confusion_matrix": [[2, 1398], [0, 600]], "auc": 0.5448535714285714, "0_precision": 1.0, "0_recall": 0.0014285714285714286, "0_f1-score": 0.0028530670470756064, "0_support": 1400.0, "1_precision": 0.3003003003003003, "1_recall": 1.0, "1_f1-score": 0.4618937644341801, "1_support": 600.0, "macro avg_precision": 0.6501501501501501, "macro avg_recall": 0.5007142857142857, "macro avg_f1-score": 0.23237341574062786, "macro avg_support": 2000.0, "weighted avg_precision": 0.7900900900900901, "weighted avg_recall": 0.301, "weighted avg_f1-score": 0.14056527626320695, "weighted avg_support": 2000.0}