{"accuracy": 0.917912, "threshold": 2.2805257184253145e-05, "confusion_matrix": [[915884, 48205], [33883, 2028]], "0_precision": 0.9643249344312869, "0_recall": 0.9499994295132503, "0_f1-score": 0.9571085807918673, "0_support": 964089.0, "1_precision": 0.040371867099317185, "1_recall": 0.056472947007880595, "1_f1-score": 0.047083952451708766, "1_support": 35911.0, "macro avg_precision": 0.5023484007653021, "macro avg_recall": 0.5032361882605655, "macro avg_f1-score": 0.5020962666217881, "macro avg_support": 1000000.0, "weighted avg_precision": 0.9311448558303286, "weighted avg_recall": 0.917912, "weighted avg_f1-score": 0.9244286863635438, "weighted avg_support": 1000000.0}