{"accuracy": 0.9925, "confusion_matrix": [[379, 3], [0, 18]], "auc": 0.9984002326934264, "0_precision": 1.0, "0_recall": 0.9921465968586387, "0_f1-score": 0.9960578186596584, "0_support": 382.0, "1_precision": 0.8571428571428571, "1_recall": 1.0, "1_f1-score": 0.9230769230769231, "1_support": 18.0, "macro avg_precision": 0.9285714285714286, "macro avg_recall": 0.9960732984293194, "macro avg_f1-score": 0.9595673708682908, "macro avg_support": 400.0, "weighted avg_precision": 0.9935714285714287, "weighted avg_recall": 0.9925, "weighted avg_f1-score": 0.9927736783584353, "weighted avg_support": 400.0}