{"accuracy": 0.675, "threshold": 2.2093634679527154, "confusion_matrix": [[133, 7], [58, 2]], "0_precision": 0.6963350785340314, "0_recall": 0.95, "0_f1-score": 0.8036253776435045, "0_support": 140.0, "1_precision": 0.2222222222222222, "1_recall": 0.03333333333333333, "1_f1-score": 0.057971014492753624, "1_support": 60.0, "macro avg_precision": 0.4592786503781268, "macro avg_recall": 0.49166666666666664, "macro avg_f1-score": 0.4307981960681291, "macro avg_support": 200.0, "weighted avg_precision": 0.5541012216404887, "weighted avg_recall": 0.675, "weighted avg_f1-score": 0.5799290686982793, "weighted avg_support": 200.0}