{"accuracy": 0.9498247968388877, "threshold": 0.0003339729380819394, "confusion_matrix": [[12724, 670], [3, 16]], "0_precision": 0.999764280663157, "0_recall": 0.9499776019113035, "0_f1-score": 0.9742352896137207, "0_support": 13394.0, "1_precision": 0.023323615160349854, "1_recall": 0.8421052631578947, "1_f1-score": 0.04539007092198582, "1_support": 19.0, "macro avg_precision": 0.5115439479117534, "macro avg_recall": 0.8960414325345991, "macro avg_f1-score": 0.5098126802678533, "macro avg_support": 13413.0, "weighted avg_precision": 0.9983811171170037, "weighted avg_recall": 0.9498247968388877, "weighted avg_f1-score": 0.9729195467407511, "weighted avg_support": 13413.0}