{"accuracy": 0.686, "threshold": 0.1797480588246298, "confusion_matrix": [[1330, 70], [558, 42]], "0_precision": 0.7044491525423728, "0_recall": 0.95, "0_f1-score": 0.8090024330900243, "0_support": 1400.0, "1_precision": 0.375, "1_recall": 0.07, "1_f1-score": 0.11797752808988764, "1_support": 600.0, "macro avg_precision": 0.5397245762711864, "macro avg_recall": 0.51, "macro avg_f1-score": 0.46348998058995594, "macro avg_support": 2000.0, "weighted avg_precision": 0.605614406779661, "weighted avg_recall": 0.686, "weighted avg_f1-score": 0.6016949615899834, "weighted avg_support": 2000.0}