{"accuracy": 0.9875, "confusion_matrix": [[377, 5], [0, 18]], "auc": 0.9982547993019197, "0_precision": 1.0, "0_recall": 0.9869109947643979, "0_f1-score": 0.9934123847167325, "0_support": 382.0, "1_precision": 0.782608695652174, "1_recall": 1.0, "1_f1-score": 0.8780487804878049, "1_support": 18.0, "macro avg_precision": 0.8913043478260869, "macro avg_recall": 0.993455497382199, "macro avg_f1-score": 0.9357305826022687, "macro avg_support": 400.0, "weighted avg_precision": 0.9902173913043478, "weighted avg_recall": 0.9875, "weighted avg_f1-score": 0.9882210225264307, "weighted avg_support": 400.0}