{"accuracy": 0.682, "threshold": 0.1466422084638467, "confusion_matrix": [[1330, 70], [566, 34]], "0_precision": 0.7014767932489452, "0_recall": 0.95, "0_f1-score": 0.8070388349514563, "0_support": 1400.0, "1_precision": 0.3269230769230769, "1_recall": 0.056666666666666664, "1_f1-score": 0.09659090909090909, "1_support": 600.0, "macro avg_precision": 0.514199935086011, "macro avg_recall": 0.5033333333333333, "macro avg_f1-score": 0.4518148720211827, "macro avg_support": 2000.0, "weighted avg_precision": 0.5891106783511847, "weighted avg_recall": 0.682, "weighted avg_f1-score": 0.5939044571932922, "weighted avg_support": 2000.0}