{
    "accuracy": 0.038,
    "precision": 0.036831483350151364,
    "recall": 0.8295454545454546,
    "f1_score": 0.07053140096618357,
    "0_precision": 0.16666666666666666,
    "0_recall": 0.0015690376569037657,
    "0_f1-score": 0.0031088082901554403,
    "0_support": 1912.0,
    "1_precision": 0.036831483350151364,
    "1_recall": 0.8295454545454546,
    "1_f1-score": 0.07053140096618357,
    "1_support": 88.0,
    "macro avg_precision": 0.10174907500840902,
    "macro avg_recall": 0.41555724610117917,
    "macro avg_f1-score": 0.03682010462816951,
    "macro avg_support": 2000.0,
    "weighted avg_precision": 0.16095391860073996,
    "weighted avg_recall": 0.038,
    "weighted avg_f1-score": 0.0060754023679006775,
    "weighted avg_support": 2000.0
}